{
  "mediation": {
    "model_name": "Qwen/Qwen2.5-1.5B-Instruct",
    "num_layers": 28,
    "layer_effects": {
      "0": {
        "mean_effect": 0.035,
        "std_effect": 0.32214127335689224,
        "median_effect": 0.0
      },
      "1": {
        "mean_effect": 0.02,
        "std_effect": 0.22271057451320092,
        "median_effect": 0.0
      },
      "2": {
        "mean_effect": 0.015,
        "std_effect": 0.21160103969498828,
        "median_effect": 0.0
      },
      "3": {
        "mean_effect": 0.005,
        "std_effect": 0.07053367989832944,
        "median_effect": 0.0
      },
      "4": {
        "mean_effect": 0.0,
        "std_effect": 0.0,
        "median_effect": 0.0
      },
      "5": {
        "mean_effect": 0.045,
        "std_effect": 0.36465737343429655,
        "median_effect": 0.0
      },
      "6": {
        "mean_effect": 0.05,
        "std_effect": 0.3840572873934304,
        "median_effect": 0.0
      },
      "7": {
        "mean_effect": 0.055,
        "std_effect": 0.376795700612414,
        "median_effect": 0.0
      },
      "8": {
        "mean_effect": 0.05,
        "std_effect": 0.37080992435478316,
        "median_effect": 0.0
      },
      "9": {
        "mean_effect": 0.055,
        "std_effect": 0.376795700612414,
        "median_effect": 0.0
      },
      "10": {
        "mean_effect": 0.035,
        "std_effect": 0.2318943725061046,
        "median_effect": 0.0
      },
      "11": {
        "mean_effect": 0.065,
        "std_effect": 0.38829756630707846,
        "median_effect": 0.0
      },
      "12": {
        "mean_effect": 0.085,
        "std_effect": 0.48762177966124526,
        "median_effect": 0.0
      },
      "13": {
        "mean_effect": 0.08,
        "std_effect": 0.4621688003316537,
        "median_effect": 0.0
      },
      "14": {
        "mean_effect": 0.1,
        "std_effect": 0.4898979485566356,
        "median_effect": 0.0
      },
      "15": {
        "mean_effect": 0.115,
        "std_effect": 0.5017718605103318,
        "median_effect": 0.0
      },
      "16": {
        "mean_effect": 0.34,
        "std_effect": 0.6514598989960932,
        "median_effect": 0.0
      },
      "17": {
        "mean_effect": 0.34,
        "std_effect": 0.62,
        "median_effect": 0.0
      },
      "18": {
        "mean_effect": 0.42,
        "std_effect": 0.6660330322138686,
        "median_effect": 0.0
      },
      "19": {
        "mean_effect": 0.395,
        "std_effect": 0.615609454118437,
        "median_effect": 0.0
      },
      "20": {
        "mean_effect": 0.415,
        "std_effect": 0.6186881282197032,
        "median_effect": 0.0
      },
      "21": {
        "mean_effect": 0.45,
        "std_effect": 0.6383572667401852,
        "median_effect": 0.0
      },
      "22": {
        "mean_effect": 0.435,
        "std_effect": 0.6211078811285524,
        "median_effect": 0.0
      },
      "23": {
        "mean_effect": 0.45,
        "std_effect": 0.6224949798994367,
        "median_effect": 0.0
      },
      "24": {
        "mean_effect": 0.435,
        "std_effect": 0.5964687753772195,
        "median_effect": 0.0
      },
      "25": {
        "mean_effect": 0.44,
        "std_effect": 0.6216108107168021,
        "median_effect": 0.0
      },
      "26": {
        "mean_effect": 0.435,
        "std_effect": 0.6211078811285524,
        "median_effect": 0.0
      },
      "27": {
        "mean_effect": 0.43,
        "std_effect": 0.6205642593640082,
        "median_effect": 0.0
      }
    },
    "layer_directional_accuracy": {
      "0": {
        "accuracy": 0.11,
        "num_correct": 22,
        "num_total": 200
      },
      "1": {
        "accuracy": 0.105,
        "num_correct": 21,
        "num_total": 200
      },
      "2": {
        "accuracy": 0.11,
        "num_correct": 22,
        "num_total": 200
      },
      "3": {
        "accuracy": 0.105,
        "num_correct": 21,
        "num_total": 200
      },
      "4": {
        "accuracy": 0.11,
        "num_correct": 22,
        "num_total": 200
      },
      "5": {
        "accuracy": 0.11,
        "num_correct": 22,
        "num_total": 200
      },
      "6": {
        "accuracy": 0.115,
        "num_correct": 23,
        "num_total": 200
      },
      "7": {
        "accuracy": 0.11,
        "num_correct": 22,
        "num_total": 200
      },
      "8": {
        "accuracy": 0.115,
        "num_correct": 23,
        "num_total": 200
      },
      "9": {
        "accuracy": 0.11,
        "num_correct": 22,
        "num_total": 200
      },
      "10": {
        "accuracy": 0.115,
        "num_correct": 23,
        "num_total": 200
      },
      "11": {
        "accuracy": 0.12,
        "num_correct": 24,
        "num_total": 200
      },
      "12": {
        "accuracy": 0.11,
        "num_correct": 22,
        "num_total": 200
      },
      "13": {
        "accuracy": 0.12,
        "num_correct": 24,
        "num_total": 200
      },
      "14": {
        "accuracy": 0.125,
        "num_correct": 25,
        "num_total": 200
      },
      "15": {
        "accuracy": 0.125,
        "num_correct": 25,
        "num_total": 200
      },
      "16": {
        "accuracy": 0.16,
        "num_correct": 32,
        "num_total": 200
      },
      "17": {
        "accuracy": 0.21,
        "num_correct": 42,
        "num_total": 200
      },
      "18": {
        "accuracy": 0.215,
        "num_correct": 43,
        "num_total": 200
      },
      "19": {
        "accuracy": 0.22,
        "num_correct": 44,
        "num_total": 200
      },
      "20": {
        "accuracy": 0.23,
        "num_correct": 46,
        "num_total": 200
      },
      "21": {
        "accuracy": 0.21,
        "num_correct": 42,
        "num_total": 200
      },
      "22": {
        "accuracy": 0.22,
        "num_correct": 44,
        "num_total": 200
      },
      "23": {
        "accuracy": 0.215,
        "num_correct": 43,
        "num_total": 200
      },
      "24": {
        "accuracy": 0.22,
        "num_correct": 44,
        "num_total": 200
      },
      "25": {
        "accuracy": 0.22,
        "num_correct": 44,
        "num_total": 200
      },
      "26": {
        "accuracy": 0.215,
        "num_correct": 43,
        "num_total": 200
      },
      "27": {
        "accuracy": 0.215,
        "num_correct": 43,
        "num_total": 200
      }
    },
    "examples_analyzed": 200
  }
}